{
  "name": "bankofstates",
  "version": "0.1.0",
  "private": true,
  "dependencies": {
    "@material-ui/core": "4.11.2",
    "@material-ui/icons": "^4.11.2",
    "@testing-library/jest-dom": "^5.11.6",
    "@testing-library/react": "^11.2.2",
    "@testing-library/user-event": "^12.4.0",
    "axios": "^0.21.1",
    "bootstrap": "^4.5.3",
    "formik": "^2.2.6",
    "formik-material-ui": "^3.0.1",
    "plotly.js": "^1.45.3",
    "prop-types": "^15.7.2",
    "react": "^17.0.1",
    "react-dom": "^17.0.1",
    "react-plotly.js": "^2.5.1",
    "react-router-dom": "5.2.0",
    "react-scripts": "4.0.1",
    "react-toastify": "^6.2.0",
    "reactstrap": "^8.7.1",
    "styled-components": "^5.2.1",
    "web-vitals": "^0.2.4",
    "yup": "^0.32.8"
  },
  "scripts": {
    "start": "react-scripts --max_old_space_size=4096 start",
    "build": "react-scripts --max_old_space_size=4096 build",
    "test": "react-scripts test",
    "eject": "react-scripts eject"
  },
  "proxy": "http://localhost:8080",
  "eslintConfig": {
    "extends": [
      "react-app",
      "react-app/jest"
    ]
  },
  "browserslist": {
    "production": [
      ">0.2%",
      "not dead",
      "not op_mini all"
    ],
    "development": [
      "last 1 chrome version",
      "last 1 firefox version",
      "last 1 safari version"
    ]
  }
}
